{"stats":{"minecraft:custom":{"minecraft:jump":70,"minecraft:open_chest":8,"minecraft:time_since_rest":29742,"minecraft:inspect_hopper":8,"minecraft:leave_game":6,"minecraft:open_shulker_box":1,"minecraft:play_time":29742,"minecraft:crouch_one_cm":129,"minecraft:inspect_dropper":1,"minecraft:sprint_one_cm":13337,"minecraft:time_since_death":29742,"minecraft:walk_one_cm":34512,"minecraft:sneak_time":745,"minecraft:trigger_trapped_chest":2,"minecraft:total_world_time":77950,"minecraft:tune_noteblock":247,"minecraft:fly_one_cm":170468},"minecraft:picked_up":{"minecraft:black_carpet":1,"minecraft:white_carpet":13,"minecraft:magenta_carpet":1,"minecraft:shulker_box":1},"minecraft:used":{"minecraft:shulker_box":1,"minecraft:trapped_chest":2}},"DataVersion":2730}